"統計名：","鉄道輸送統計調査"
"表番号：","2-5-1"
"表題：","[鉄・軌道旅客輸送] 旅客営業キロ及び旅客数量 路線別"
"実施年月：","-","-"

"***","数字が得られないもの"
"…","資料がないか不明のもの"
"－","該当数字がないもの"

"","","","","","","/定期・定期外 コード","100","100","100","110","110","120","120"
"","","","","","","/定期・定期外 補助コード","-","-","-","-","-","-","-"
"","","","","","","/定期・定期外","計","計","計","定期","定期","定期外","定期外"
"","","","","","","/表章項目 コード","100","110","420","110","420","110","420"
"","","","","","","/表章項目 補助コード","-","-","-","-","-","-","-"
"年度次 コード","年度次 補助コード","年度次","路線 コード","路線 補助コード","路線","/表章項目","旅客営業キロ【キロメートル】","旅客数量【千人】","前年度比【%】","旅客数量【千人】","前年度比【%】","旅客数量【千人】","前年度比【%】"
"2020100000","","2020年度","100","","函館線","","695.0","73,790","68.3","50,003","82.2","23,788","50.3"
"2020100000","","2020年度","110","","室蘭･千歳･石勝線","","409.6","29,731","65.0","19,375","86.0","10,356","44.6"
"2020100000","","2020年度","120","","根室線","","443.8","1,906","66.9","1,034","93.6","870","49.9"
"2020100000","","2020年度","130","","東北線","","1,341.5","1,156,692","68.9","826,338","76.3","330,354","55.5"
"2020100000","","2020年度","140","","常磐線","","351.0","356,760","73.7","264,207","77.6","92,553","64.4"
"2020100000","","2020年度","150","","奥羽線","","484.5","19,854","70.0","14,729","90.4","5,125","42.4"
"2020100000","","2020年度","160","","羽越線","","299.0","12,197","77.8","9,827","86.4","2,370","55.0"
"2020100000","","2020年度","170","","上越線","","542.7","144,089","66.6","104,437","78.4","39,652","47.8"
"2020100000","","2020年度","180","","信越線","","520.8","42,987","63.1","27,695","89.0","15,292","41.3"
"2020100000","","2020年度","190","","中央線","","489.3","903,528","66.8","613,708","72.6","289,820","57.1"
"2020100000","","2020年度","200","","東海道線","","1,361.1","1,970,674","68.5","1,392,630","77.1","578,044","54.0"
"2020100000","","2020年度","210","","北陸線","","250.7","45,443","70.5","32,574","84.4","12,869","49.7"
"2020100000","","2020年度","220","","山陽線","","1,226.8","352,524","73.5","250,723","86.7","101,801","53.5"
"2020100000","","2020年度","230","","山陰線","","676.0","46,361","73.2","33,095","85.5","13,266","53.8"
"2020100000","","2020年度","240","","予讃･土讃線","","549.1","24,542","74.1","17,728","90.7","6,814","50.2"
"2020100000","","2020年度","250","","鹿児島線","","768.1","172,322","72.8","124,735","82.7","47,587","55.5"
"2020100000","","2020年度","260","","日豊線","","462.6","40,632","76.2","30,470","87.6","10,162","54.8"
"2020100000","","2020年度","265","","新幹線_北海道線","","148.8","531","35.3","11","100.0","521","34.8"
"2020100000","","2020年度","270","","新幹線_東北線","","713.7","37,860","42.3","14,074","79.4","23,786","33.2"
"2020100000","","2020年度","280","","新幹線_上越線","","303.6","17,996","42.7","6,159","74.5","11,837","34.9"
"2020100000","","2020年度","290","","新幹線_東海道線","","552.6","65,591","39.0","12,501","78.9","53,090","34.9"
"2020100000","","2020年度","300","","新幹線_北陸線","","345.5","12,080","41.1","2,570","88.9","9,510","35.8"
"2020100000","","2020年度","310","","新幹線_山陽線","","644.0","32,059","44.3","7,760","87.5","24,299","38.3"
"2020100000","","2020年度","320","","新幹線_九州線","","288.9","7,072","50.5","2,346","88.6","4,726","41.6"
"2021100000","","2021年度","100","","函館線","","695.0","75,659","102.5","48,706","97.4","26,957","113.3"
"2021100000","","2021年度","110","","室蘭･千歳･石勝線","","409.6","31,489","105.9","19,052","98.3","12,438","120.1"
"2021100000","","2021年度","120","","根室線","","443.8","1,965","103.1","962","93.0","1,004","115.4"
"2021100000","","2021年度","130","","東北線","","1,341.5","1,210,189","104.6","805,833","97.5","404,356","122.4"
"2021100000","","2021年度","140","","常磐線","","351.0","372,409","104.4","263,132","99.6","109,277","118.1"
"2021100000","","2021年度","150","","奥羽線","","484.5","21,074","106.1","14,947","101.5","6,127","119.6"
"2021100000","","2021年度","160","","羽越線","","299.0","12,364","101.4","9,747","99.2","2,617","110.4"
"2021100000","","2021年度","170","","上越線","","542.7","157,294","109.2","106,881","102.3","50,413","127.1"
"2021100000","","2021年度","180","","信越線","","520.8","46,998","109.3","27,701","100.0","19,297","126.2"
"2021100000","","2021年度","190","","中央線","","489.3","965,999","106.9","613,840","100.0","352,159","121.5"
"2021100000","","2021年度","200","","東海道線","","1,361.1","2,020,397","102.5","1,324,066","95.1","696,331","120.5"
"2021100000","","2021年度","210","","北陸線","","250.7","47,978","105.6","33,343","102.4","14,635","113.7"
"2021100000","","2021年度","220","","山陽線","","1,226.8","363,008","103.0","249,382","99.5","113,626","111.6"
"2021100000","","2021年度","230","","山陰線","","676.0","48,891","105.5","34,208","103.4","14,683","110.7"
"2021100000","","2021年度","240","","予讃･土讃線","","549.1","25,073","102.2","17,605","99.3","7,468","109.6"
"2021100000","","2021年度","250","","鹿児島線","","768.1","185,076","107.4","130,482","104.6","54,594","114.7"
"2021100000","","2021年度","260","","日豊線","","462.6","42,446","104.5","30,945","101.6","11,501","113.2"
"2021100000","","2021年度","265","","新幹線_北海道線","","148.8","608","114.5","12","109.1","599","115.0"
"2021100000","","2021年度","270","","新幹線_東北線","","713.7","45,878","121.2","13,420","95.4","32,458","136.5"
"2021100000","","2021年度","280","","新幹線_上越線","","303.6","22,522","125.2","5,791","94.0","16,731","141.3"
"2021100000","","2021年度","290","","新幹線_東海道線","","552.6","85,690","130.6","12,468","99.7","73,222","137.9"
"2021100000","","2021年度","300","","新幹線_北陸線","","345.5","15,474","128.1","2,587","100.7","12,887","135.5"
"2021100000","","2021年度","310","","新幹線_山陽線","","644.0","39,363","122.8","8,179","105.4","31,184","128.3"
"2021100000","","2021年度","320","","新幹線_九州線","","288.9","7,977","112.8","2,392","102.0","5,585","118.2"
"2022100000","","2022年度","100","","函館線","","695.0","88,634","117.1","50,758","104.2","37,882","140.5"
"2022100000","","2022年度","110","","室蘭･千歳･石勝線","","409.6","38,886","123.5","19,857","104.2","19,026","153.0"
"2022100000","","2022年度","120","","根室線","","443.8","2,323","118.2","892","92.7","1,431","142.5"
"2022100000","","2022年度","130","","東北線","","1,341.5","1,354,056","111.9","839,780","104.2","514,276","127.2"
"2022100000","","2022年度","140","","常磐線","","351.0","403,998","108.5","274,700","104.4","129,298","118.3"
"2022100000","","2022年度","150","","奥羽線","","484.5","23,816","113.0","15,079","100.9","8,737","142.6"
"2022100000","","2022年度","160","","羽越線","","299.0","13,006","105.2","9,821","100.8","3,185","121.7"
"2022100000","","2022年度","170","","上越線","","542.7","180,316","114.6","111,437","104.3","68,879","136.6"
"2022100000","","2022年度","180","","信越線","","520.8","57,817","123.0","27,941","100.9","29,876","154.8"
"2022100000","","2022年度","190","","中央線","","489.3","1,087,295","112.6","650,318","105.9","436,977","124.1"
"2022100000","","2022年度","200","","東海道線","","1,360.6","2,284,122","113.1","1,374,754","103.8","909,368","130.6"
"2022100000","","2022年度","210","","北陸線","","250.7","54,860","114.3","34,363","103.1","20,497","140.1"
"2022100000","","2022年度","220","","山陽線","","1,226.8","408,658","112.6","255,882","102.6","152,776","134.5"
"2022100000","","2022年度","230","","山陰線","","676.0","54,783","112.1","34,860","101.9","19,923","135.7"
"2022100000","","2022年度","240","","予讃･土讃線","","549.1","28,107","112.1","17,820","101.2","10,287","137.7"
"2022100000","","2022年度","250","","鹿児島線","","837.7","207,157","111.9","135,317","103.7","71,840","131.6"
"2022100000","","2022年度","260","","日豊線","","462.6","46,135","108.7","31,473","101.7","14,662","127.5"
"2022100000","","2022年度","265","","新幹線_北海道線","","148.8","1,069","175.8","12","100.0","1,061","177.1"
"2022100000","","2022年度","270","","新幹線_東北線","","713.7","66,168","144.2","14,126","105.3","52,042","160.3"
"2022100000","","2022年度","280","","新幹線_上越線","","303.6","33,036","146.7","6,324","109.2","26,712","159.7"
"2022100000","","2022年度","290","","新幹線_東海道線","","552.6","133,609","155.9","13,550","108.7","120,059","164.0"
"2022100000","","2022年度","300","","新幹線_北陸線","","345.5","24,558","158.7","2,699","104.3","21,859","169.6"
"2022100000","","2022年度","310","","新幹線_山陽線","","644.0","60,017","152.5","8,635","105.6","51,382","164.8"
"2022100000","","2022年度","320","","新幹線_九州線","","358.5","12,384","155.2","2,738","114.5","9,646","172.7"
"2023100000","","2023年度","100","","函館線","","695.0","95,739","108.0","51,841","102.1","43,899","115.9"
"2023100000","","2023年度","110","","室蘭･千歳･石勝線","","409.6","44,309","113.9","20,622","103.9","23,696","124.5"
"2023100000","","2023年度","120","","根室線","","443.8","2,347","101.0","866","97.1","1,477","103.2"
"2023100000","","2023年度","130","","東北線","","1,341.5","1,464,638","108.2","877,988","104.5","586,650","114.1"
"2023100000","","2023年度","140","","常磐線","","351.0","427,131","105.7","285,393","103.9","141,738","109.6"
"2023100000","","2023年度","150","","奥羽線","","484.5","26,491","111.2","15,133","100.4","11,358","130.0"
"2023100000","","2023年度","160","","羽越線","","299.0","13,789","106.0","10,087","102.7","3,702","116.2"
"2023100000","","2023年度","170","","上越線","","542.7","195,350","108.3","114,690","102.9","80,660","117.1"
"2023100000","","2023年度","180","","信越線","","645.9","65,265","112.9","28,725","102.8","36,540","122.3"
"2023100000","","2023年度","190","","中央線","","489.3","1,168,659","107.5","682,926","105.0","485,733","111.2"
"2023100000","","2023年度","200","","東海道線","","1,360.6","2,468,298","108.1","1,441,490","104.9","1,026,808","112.9"
"2023100000","","2023年度","210","","北陸線","","120.0","56,138","102.3","33,187","96.6","22,951","112.0"
"2023100000","","2023年度","220","","山陽線","","1,226.8","433,394","106.1","259,963","101.6","173,431","113.5"
"2023100000","","2023年度","230","","山陰線","","676.0","58,457","106.7","35,234","101.1","23,223","116.6"
"2023100000","","2023年度","240","","予讃･土讃線","","549.1","29,850","106.2","18,148","101.8","11,702","113.8"
"2023100000","","2023年度","250","","鹿児島線","","837.7","222,808","107.6","140,776","104.0","82,039","114.2"
"2023100000","","2023年度","260","","日豊線","","462.6","49,272","106.8","32,262","102.5","17,010","116.0"
"2023100000","","2023年度","265","","新幹線_北海道線","","148.8","1,401","131.1","2","16.7","1,398","131.8"
"2023100000","","2023年度","270","","新幹線_東北線","","713.7","81,547","123.2","15,058","106.6","66,489","127.8"
"2023100000","","2023年度","280","","新幹線_上越線","","303.6","39,776","120.4","6,754","106.8","33,022","123.6"
"2023100000","","2023年度","290","","新幹線_東海道線","","552.6","160,705","120.3","14,638","108.0","146,067","121.7"
"2023100000","","2023年度","300","","新幹線_北陸線","","470.6","30,308","123.4","2,940","108.9","27,368","125.2"
"2023100000","","2023年度","310","","新幹線_山陽線","","644.0","70,301","117.1","9,094","105.3","61,207","119.1"
"2023100000","","2023年度","320","","新幹線_九州線","","358.5","16,089","129.9","3,115","113.8","12,974","134.5"
"2024100000","","2024年度","100","","函館線","","695.0","99,579","104.0","52,275","100.8","47,300","107.7"
"2024100000","","2024年度","110","","室蘭･千歳･石勝線","","409.6","47,480","107.2","21,349","103.5","26,136","110.3"
"2024100000","","2024年度","120","","根室線","","362.1","2,387","101.7","822","94.9","1,567","106.1"
"2024100000","","2024年度","130","","東北線","","1,341.5","1,508,259","103.0","895,527","102.0","612,732","104.4"
"2024100000","","2024年度","140","","常磐線","","351.0","436,649","102.2","289,329","101.4","147,320","103.9"
"2024100000","","2024年度","150","","奥羽線","","484.5","27,085","102.2","15,011","99.2","12,074","106.3"
"2024100000","","2024年度","160","","羽越線","","299.0","14,152","102.6","10,071","99.8","4,081","110.2"
"2024100000","","2024年度","170","","上越線","","542.7","202,724","103.8","115,860","101.0","86,864","107.7"
"2024100000","","2024年度","180","","信越線","","645.9","77,307","118.5","29,856","103.9","47,451","129.9"
"2024100000","","2024年度","190","","中央線","","489.3","1,203,230","103.0","700,925","102.6","502,305","103.4"
"2024100000","","2024年度","200","","東海道線","","1,360.6","2,546,884","103.2","1,478,447","102.6","1,068,437","104.1"
"2024100000","","2024年度","210","","北陸線","","120.0","34,031","60.6","22,423","67.6","11,608","50.6"
"2024100000","","2024年度","220","","山陽線","","1,226.8","444,164","102.5","261,856","100.7","182,308","105.1"
"2024100000","","2024年度","230","","山陰線","","676.0","60,141","102.9","35,114","99.7","25,027","107.8"
"2024100000","","2024年度","240","","予讃･土讃線","","549.1","30,066","100.7","17,792","98.0","12,274","104.9"
"2024100000","","2024年度","250","","鹿児島線","","837.7","231,925","104.1","146,935","104.4","84,996","103.6"
"2024100000","","2024年度","260","","日豊線","","462.6","50,890","103.3","33,220","103.0","17,670","103.9"
"2024100000","","2024年度","265","","新幹線_北海道線","","148.8","1,616","114.6","1","50.0","1,601","114.5"
"2024100000","","2024年度","270","","新幹線_東北線","","713.7","87,052","106.8","15,686","104.2","71,366","107.3"
"2024100000","","2024年度","280","","新幹線_上越線","","303.6","44,053","110.8","7,185","106.4","36,868","111.6"
"2024100000","","2024年度","290","","新幹線_東海道線","","552.6","170,516","106.1","15,315","104.6","155,201","106.3"
"2024100000","","2024年度","300","","新幹線_北陸線","","470.6","41,385","136.5","3,982","135.4","37,403","136.7"
"2024100000","","2024年度","310","","新幹線_山陽線","","644.0","73,856","105.1","9,627","105.9","64,229","104.9"
"2024100000","","2024年度","320","","新幹線_九州線","","358.5","17,020","105.8","3,380","108.5","13,640","105.1"
